{
  "target": "logKoa",
  "n_train": 1886,
  "alpha": 3.727593720314938,
  "r2_cv": 0.9464,
  "rmse_cv": 0.66,
  "intercept": 0.7461948394775391,
  "weights": {
    "C1": 0.37233797761771364,
    "C2": 0.17574660735563413,
    "C3": 0.44319756695497464,
    "C4": 0.26305809237616606,
    "C5": -0.10810075900654788,
    "C6": 0.3243237865580614,
    "C7": 0.42748105310907536,
    "C8": 0.41146641969561404,
    "C9": 0.6245909356492289,
    "C10": 0.42162282767325576,
    "C11": 0.4291586668694818,
    "C12": 0.2952032439594292,
    "C13": 0.8251917896232527,
    "C14": 0.2955041952864171,
    "C15": 0.43709101964006697,
    "C16": 0.4570384780152746,
    "C17": 1.1414622766673759,
    "C18": 0.43625456184490635,
    "C19": 0.7308059509561956,
    "C20": 0.5076571902261477,
    "C21": 0.3944150039387378,
    "C22": 0.29083024783917705,
    "C23": 0.6174825518427363,
    "C24": 0.49246016338375914,
    "C25": 0.5982440685353695,
    "C26": 0.3775297723907989,
    "C27": 0.17818979923260872,
    "CS": 0.23191160258271715,
    "H1": 0.0,
    "H2": 0.0,
    "H3": 1.58449599981469,
    "H4": 0.0,
    "HS": 0.0,
    "N1": 2.2005025355637007,
    "N2": 1.8584176743828538,
    "N3": 2.0392874140244124,
    "N4": 1.8527099087682761,
    "N5": 1.5841317313061785,
    "N6": 0.8697345914210002,
    "N7": 1.0057067243481985,
    "N8": 0.6212480115693498,
    "N9": 0.7213719151926758,
    "N10": 0.0,
    "N11": 0.5890299766013974,
    "N12": 0.0,
    "N13": 0.6703087057200308,
    "N14": 0.0,
    "NS": 0.0,
    "O1": -0.06137334530096673,
    "O2": 2.0619341379502023,
    "O3": 0.14513208823721654,
    "O4": -0.03540633951232399,
    "O5": 0.36255457041796696,
    "O6": 0.19788311169734335,
    "O12": 0.0,
    "O7": 0.0,
    "O8": 0.5734236553628097,
    "O9": 1.258356291133801,
    "O10": 1.3229301833176608,
    "O11": 1.2593785901620418,
    "OS": 1.3058608770218672,
    "F": -0.010755585063920523,
    "Cl": 0.6071733363127465,
    "Br": 0.899207717858026,
    "I": 1.1073875904707982,
    "Hal": 0.0,
    "P": 0.601735153484195,
    "S2": 0.6962275942833354,
    "S1": 0.8615449708261845,
    "S3": 0.886276186891207,
    "Me1": 0.3864004065804096,
    "Me2": 0.0,
    "SG_HB_INTRAMOL": -0.05516828023657406,
    "SG_ALKANE": -0.01736708445267543,
    "SG_UNSAT_HC": -0.05810715508674921,
    "SG_EXTRA_COOH": 1.7141705422753293,
    "SG_EXTRA_OH": -0.13538796719019355,
    "SG_ENDOCYCLIC_CC": 0.05909914253340511
  }
}