{
  "target": "logKoa",
  "n_train": 1971,
  "alpha": 3.727593720314938,
  "r2_cv": 0.9383,
  "rmse_cv": 0.7356,
  "intercept": 0.7542910575866699,
  "weights": {
    "C1": 0.3694591577723632,
    "C2": 0.18202313072317416,
    "C3": 0.4838210085296352,
    "C4": 0.29778296521097114,
    "C5": -0.034989057875872025,
    "C6": 0.32926421630614167,
    "C7": 0.44480161442233696,
    "C8": 0.3910688041826258,
    "C9": 0.4090000681384058,
    "C10": 0.44102635351557334,
    "C11": 0.3740145623245189,
    "C12": 0.30378692435091104,
    "C13": 0.7490378014284441,
    "C14": 0.31973083228916716,
    "C15": 0.47085914207812996,
    "C16": 0.5258196537169737,
    "C17": 0.9855622195105538,
    "C18": 0.43821316787643166,
    "C19": 0.7229260649048279,
    "C20": 0.523477061937976,
    "C21": 0.3925202736129582,
    "C22": 0.237001167990947,
    "C23": 0.6521152427307791,
    "C24": 0.4443072671282994,
    "C25": 0.6674219611425412,
    "C26": 0.39200885578367667,
    "C27": 0.12517651266831734,
    "CS": -0.31487269304243093,
    "H1": 0.0,
    "H2": 0.0,
    "H3": 1.5532626722021503,
    "H4": 0.0,
    "HS": 0.0,
    "N1": 2.1656341075044914,
    "N2": 1.7684119384166008,
    "N3": 2.1337521839559543,
    "N4": 1.8267802837731892,
    "N5": 1.5531807844722851,
    "N6": 0.8500120942888753,
    "N7": 0.8230809003537242,
    "N8": 0.5955309898262048,
    "N9": 0.8739392901446104,
    "N10": 0.0,
    "N11": 0.6242982841965767,
    "N12": 0.0,
    "N13": 0.5490452709484893,
    "N14": 0.0,
    "NS": 0.0,
    "O1": 0.011092202587607061,
    "O2": 1.985391904902863,
    "O3": 0.05368065622845733,
    "O4": -0.13216617681830764,
    "O5": 0.45423223106201405,
    "O6": 0.008580153021012879,
    "O12": 0.0,
    "O7": 0.0,
    "O8": 0.6488854887259058,
    "O9": 1.2247236073969205,
    "O10": 1.2333989969646546,
    "O11": 1.1860927217731063,
    "OS": 1.919993384422431,
    "F": -0.0406196573682451,
    "Cl": 0.5694337847315015,
    "Br": 0.8370601837857927,
    "I": 1.228230183731722,
    "Hal": 0.0,
    "P": 0.1462434683941581,
    "S2": 1.2499870103812105,
    "S1": 0.779722375532239,
    "S3": 1.1213956763507746,
    "Me1": 0.5878027967641833,
    "Me2": 0.0,
    "SG_HB_INTRAMOL": -0.043259373403477394,
    "SG_ALKANE": -0.3974368995915577,
    "SG_UNSAT_HC": -0.5114277328653054,
    "SG_EXTRA_COOH": 1.5975575539471587,
    "SG_ENDOCYCLIC_CC": 0.06376283814993484
  }
}