{
  "target": "logKoa",
  "method": "ols",
  "n_train": 1932,
  "alpha": 0.0,
  "r2_cv": 0.9502,
  "rmse_cv": 0.6535,
  "intercept": 0.6421995727919628,
  "weights": {
    "C1": 0.3801269137680546,
    "C2": 0.17075244411386636,
    "C3": 0.4736933725041017,
    "C4": 0.2728309255818303,
    "C5": -0.4035056598531742,
    "C6": 0.32807107032177135,
    "C7": 0.39431948211909695,
    "C8": 0.43629583516376247,
    "C9": 0.6374553813028192,
    "C10": 0.4298300415983811,
    "C11": 0.42780102336531717,
    "C12": 0.2936711813370387,
    "C13": 0.7742877842254257,
    "C14": 0.31032544335065787,
    "C15": 0.4493424881877265,
    "C16": 0.46058332522128786,
    "C17": 1.0615456594058446,
    "C18": 0.4480173028353789,
    "C19": 0.72783676640399,
    "C20": 0.4950733652814822,
    "C21": 0.38933440876710346,
    "C22": 0.2281250281184608,
    "C23": 0.6269115452113772,
    "C24": 0.4470595198505556,
    "C25": 1.2407778517190642,
    "C26": 0.37673451770463484,
    "C27": 0.1650489124982062,
    "CS": 0.21993258238338664,
    "H1": -6.661338147750939e-15,
    "H2": 2.1094237467877974e-15,
    "H3": 1.3100949403223994,
    "H4": -5.384581669432009e-15,
    "HS": -3.3306690738754696e-15,
    "N1": 2.2157129932383803,
    "N2": 1.8315732173823336,
    "N3": 2.1338897396038328,
    "N4": 1.9395832982006018,
    "N5": 1.3100949403223714,
    "N6": 1.1425960726227606,
    "N7": 0.9124129123201488,
    "N8": 0.6152113882918098,
    "N9": 0.7771876109910153,
    "N10": 4.191091917959966e-15,
    "N11": 0.595742243072612,
    "N12": 0.0,
    "N13": 1.0468559249178453,
    "N14": 1.887379141862766e-15,
    "NS": 1.7763568394002505e-15,
    "O1": -0.04777888233696359,
    "O2": 2.0865720092147666,
    "O3": 0.10837645029042953,
    "O4": -0.06729142612582717,
    "O5": 0.21155552476783857,
    "O6": -0.32112708983833493,
    "O12": -4.440892098500626e-16,
    "O7": -1.6653345369377348e-15,
    "O8": -0.06931708860330815,
    "O9": 1.6074005592053777,
    "O10": 1.649137043196633,
    "O11": 1.615241106172642,
    "OS": 2.4167450737994676,
    "F": -0.012212175880882914,
    "Cl": 0.6100692392377443,
    "Br": 0.9098751094219023,
    "I": 1.2172033878868154,
    "Hal": 0.0,
    "P": -0.46453556580826283,
    "S2": 1.8065091331216214,
    "S1": 0.870983934905281,
    "S3": 0.912793994152926,
    "Me1": 0.4791818276373132,
    "Me2": 0.0,
    "SG_HB_INTRAMOL": -0.06254996620463493,
    "SG_ALKANE": -0.020882760771579363,
    "SG_UNSAT_HC": -0.0545903097753615,
    "SG_EXTRA_COOH": 1.6740993992276763,
    "SG_EXTRA_OH": -0.14483299513061176,
    "SG_ENDOCYCLIC_CC": 0.06047004109799958
  }
}